193302045,39.959007,-99.793396,39.40403,-101.41726,40.518314,-98.18002,302.42371094403825,61.823798365218536,6306.157847026424,25.124898099504883,27.484615384615385
193302200,40.866245,-98.53988,40.01016,-99.93595,41.972813,-96.70943,347.75153033655414,100.16344077087183,11120.408468409669,23.5635004201882,26.896954674220964
193302215,41.001877,-98.43476,40.037117,-99.93689,42.1072,-96.67158,357.5947968150174,102.06692050737439,13839.640241889443,23.45170110434595,26.219883040935674
193302215,40.75481,-122.695015,39.61452,-123.298164,41.921677,-122.19568,272.8211738286044,51.57128715367026,4230.116264889597,24.46621858876385,26.073051948051948
193302300,41.27108,-98.47426,40.044346,-99.549515,42.807594,-96.772995,384.65355611654616,119.83544878991866,13342.427513343137,24.074202064559927,26.91979725700656
193310045,44.121685,-96.384575,43.186195,-97.43265,45.20688,-95.263115,283.52545771510694,55.518588440857016,3250.6634212054337,23.984310443003366,26.277207392197127
193310130,45.239758,-94.272484,44.94749,-95.8402,45.58152,-92.37952,279.843419280035,34.85928040086574,3029.4268201777854,22.56534701905955,26.22800925925926
193310145,45.319115,-94.230415,44.9738,-95.80164,45.674644,-92.71728,253.39779074313017,34.85482091313028,3448.3952764960554,22.860678566538088,26.04949494949495
193310845,46.620094,-91.594475,46.285545,-93.36813,46.817577,-89.6991,286.70789440945725,64.84635784905139,5617.477697391735,25.276482102866275,27.874209860935526
193310915,46.73174,-91.701065,46.361965,-93.2469,46.95945,-89.83831,268.4525741603047,69.48290814356973,7729.471901017817,24.319807349837482,27.409227683049146
193310945,46.81498,-91.77153,46.434402,-93.00925,47.311447,-89.91332,254.71986486002285,55.73716632665487,6409.966173221765,25.19548877787092,28.094186046511627
193311000,46.866573,-91.72773,46.204254,-93.334755,47.61215,-90.03498,295.49813056251264,61.724283211007794,7012.712572502977,25.260034647895665,27.898612593383138
193311045,46.793274,-91.890656,46.2743,-93.02055,47.5718,-90.27739,253.38296482384845,75.96573569307638,6471.948671662175,25.563886256562203,27.85414364640884
193311100,46.82153,-91.9272,46.09984,-93.418755,47.696037,-90.1042,308.0543853423375,75.97042039808886,12336.545113390135,24.53068520576278,27.010091145833332
193311115,46.77462,-92.087494,46.097446,-93.34173,47.788242,-90.33151,295.8830756657074,77.62769201166648,9771.59632923978,25.968118846230954,28.059315286624205
193311130,46.669605,-92.13547,45.130768,-94.201904,47.82498,-90.52596,410.9769647364527,113.70349542051966,12163.392641176411,25.103869242139346,27.40269930947897
193311145,46.714977,-91.93662,45.02366,-94.20734,47.853516,-90.56249,420.64177721773495,114.09402175521656,11608.341560698133,24.815101439014914,26.993212669683256
193311215,47.01429,-91.43976,46.16753,-93.02807,47.743366,-90.49549,260.07306448984883,79.6916987222226,7270.86558194464,25.29294515456158,27.649795501022496
193321300,39.19796,-97.08831,39.700245,-99.11878,38.700497,-95.77744,308.61198325894884,99.71254426301286,11215.749332608822,24.793147226980786,27.963894967177243
193321630,48.338978,-106.63256,47.64951,-108.04065,49.00783,-105.27327,254.27436717037156,68.88762549727663,6393.22205075358,15.554403053987706,19.793302540415706
193321715,48.502464,-106.979294,48.147346,-108.84857,48.809334,-105.49024,258.2346986162337,57.3211789822084,6447.678631101176,15.457454323878004,18.260650224215247
193330445,45.28296,-92.28878,45.516495,-93.60868,44.993813,-90.184784,274.21461682404055,50.981529650084845,3632.944444143238,20.304718093938703,22.547920433996385
193330530,45.14002,-91.4631,45.400105,-93.31032,44.943035,-89.77257,281.9216669207924,86.84649586131576,7193.178202841662,18.19015018279366,21.144411473788328
193330600,45.129284,-91.23573,45.46355,-92.80938,44.757423,-89.37767,280.49037407879,70.1245755519115,8652.933842109564,17.5266525960276,18.957052441229656
193330615,44.98071,-90.946205,45.73886,-93.01957,44.27667,-89.02311,353.70412554200806,100.16790092780812,8836.117326811825,17.713749071725722,19.982128673550438
193330645,44.831364,-90.16511,45.790997,-92.97751,44.150352,-88.362854,406.19464370728457,99.06276173860876,10454.751796302291,17.33099211869274,19.490683229813666
193330700,45.041264,-90.55982,45.363174,-92.28231,44.67737,-88.971085,271.1777650673767,39.75527085117506,4091.0540639856745,17.147234701895954,19.416666666666668
193330715,44.995934,-90.222565,45.59307,-92.685036,44.71312,-88.701096,327.3287533721741,63.68153677208173,7477.841809007757,16.779672804476785,19.58651911468813
193330730,44.918568,-89.81346,45.514236,-92.040474,44.601566,-88.2619,313.63013462935277,67.94385368892377,8866.297506141267,16.923053245461617,19.73380992430614
193330745,44.93852,-89.697105,45.515816,-92.07861,44.54467,-87.853745,349.0814272841123,63.69829771820013,8284.131984263613,16.74715139851645,19.474301172227232
193330930,44.57756,-88.30315,45.000145,-90.29813,44.159286,-86.7432,296.64336218980355,57.90972166741827,5142.487230960978,16.520618284994754,19.63762102351314
193330945,44.51881,-88.23578,44.926216,-90.420235,44.123188,-86.63614,312.9615151973347,76.04740552711736,6523.262300358723,15.67663181414479,18.843783209351752
193331000,44.48671,-88.164734,45.236317,-90.195526,43.873703,-86.56463,325.10966632101577,53.76917538481287,5772.792296157352,16.33242781930275,19.428657074340528
193331015,44.481255,-88.08991,44.998047,-90.260345,43.921295,-86.18117,345.12462156438784,70.90691531313392,7498.6678056397795,16.563017401406746,19.565280464216634
193340400,44.120274,-93.57878,43.776295,-94.827545,44.45633,-91.78969,254.00943313481102,79.31440575150837,4326.1928813408795,27.860691221448906,30.987407407407407
193340500,44.458054,-93.219986,44.30641,-94.50589,44.43378,-91.30217,255.02945037854371,81.05418090925161,6104.710723016479,25.310128730479555,27.753537735849058
193340515,42.25786,-102.34598,42.10843,-103.86247,42.44629,-100.68007,264.490749295784,57.18595329220479,4094.0765920488,24.552379598765633,27.052539404553414
193340515,44.563988,-93.175385,44.438732,-94.42467,44.697758,-91.20151,256.93129374394243,45.13462594930702,3007.55188744994,26.135192788198907,28.686234817813766
193340700,43.162243,-101.08285,43.223644,-103.6725,43.078568,-97.65365,488.42620327828786,119.91701740267966,16193.048773609235,24.51502550572323,28.439408396946565
193340715,43.176727,-100.53022,43.41319,-103.65295,42.508327,-96.33811,603.4802362122996,131.37022219263451,16492.39552768304,24.25351977916769,28.403075489282386
193340730,43.25995,-100.42318,43.432735,-104.32259,42.858406,-96.36878,648.1940551219055,138.68061179330144,18676.1247321961,24.432746118125134,28.469413233458177
193340745,43.423668,-100.319275,43.626263,-104.23079,43.179684,-96.215866,649.1526783428491,159.3905877644105,19992.65297767811,24.108776511686994,28.606095679012345
193340745,43.423668,-100.319275,43.626263,-104.23079,43.179684,-96.215866,649.1526783428491,159.3905877644105,19992.65297767811,24.108776511686994,28.606095679012345
193340800,43.58316,-100.400246,43.679855,-104.23621,43.312077,-96.028595,663.0445829075953,156.0835200651047,20247.752983137594,24.128195137081864,28.421923076923076
193340815,43.690575,-100.40492,43.813503,-103.72738,43.474567,-96.13612,611.7789763498325,140.9073520979283,16423.40376742806,25.244730439087817,29.05627306273063
193340845,43.849945,-100.48643,43.804314,-103.35354,43.71423,-95.94536,594.8431736317657,140.50087388881556,13223.507152843991,26.155440707939114,29.637786472889882
193340900,43.88488,-97.50646,44.374443,-99.79668,43.49885,-95.913315,325.79792867109177,47.212237673326925,3626.5841812242948,26.60231304851577,31.65262172284644
193340900,43.967358,-101.98533,43.58812,-103.3717,44.497257,-100.36535,260.67331383007104,73.73611796243964,6565.882074039395,26.60231304851577,29.00796359499431
193340915,44.06889,-100.30939,43.7921,-103.61349,43.8993,-95.717354,633.0998713227093,170.23387543080815,22303.60635625417,24.800799131402346,28.133310368584223
193340930,44.318733,-99.907295,44.174274,-103.49889,43.949085,-95.454865,642.9795627658816,152.49695355847774,23073.423821826043,23.557106130017296,28.105227195080285
193340945,44.402584,-99.72253,44.359985,-103.55345,44.027782,-95.34038,655.5543969997717,140.76741946788417,23329.082516551523,23.573932926519603,28.901628222523744
193341000,44.568344,-99.426865,44.500824,-103.415695,44.1626,-95.3734,640.5172217846302,119.93319455967386,12792.712702742567,27.978447961346852,32.23235800344234
193341015,44.81937,-98.60265,44.94673,-100.650345,44.71506,-96.8273,302.5496307279223,38.86797772990245,5358.124183369832,28.368491672270267,32.80332409972299
193341030,44.954308,-98.4913,45.079723,-100.69476,44.849113,-96.82592,305.4322144674996,39.19817499406788,5124.822619089584,28.54514107810754,33.18273381294964
193341045,45.03441,-98.53045,45.084232,-100.50513,45.00993,-96.82426,289.27013345912997,35.87933889645098,5165.473014822731,28.219086430576652,33.0098730606488
193341100,45.168945,-98.45658,45.10924,-100.58225,45.143486,-96.746895,300.89193323285417,32.771121190464896,4757.212764117934,28.226996377151885,32.315467075038285
193341630,46.444992,-99.25114,46.120968,-100.82404,46.856884,-97.46775,269.63837629629194,67.71531790252345,5370.052693890187,23.81016260798032,25.119550858652577
193341800,46.344166,-98.706474,45.89285,-100.27391,46.90377,-96.17919,333.46701797190127,77.96320123640898,5510.71960166125,23.85970624067262,25.775485436893202
193350345,46.649647,-90.53916,47.012722,-92.027756,46.2955,-88.63728,270.7601483382328,84.9960951241672,5637.628171110974,26.887042397817055,29.485714285714284
193350830,45.92258,-85.90377,46.511353,-87.51476,45.317513,-84.36033,277.7728291774924,92.23810804940686,9141.283119959757,25.698341648993683,29.800245098039216
193350830,46.67508,-91.62831,46.5979,-94.00884,46.697945,-89.948235,310.12410941770395,71.79188897057924,7513.975728840989,25.698341648993683,27.746369796708617
193350845,45.968895,-85.817764,46.655975,-87.29618,45.20328,-84.037865,299.28907240348957,94.50482068304852,8064.397392431441,26.2710118309519,30.26950998185118
193350900,45.992027,-85.77471,46.55278,-87.35195,45.33859,-83.7784,307.48333183301884,75.22347137034815,7550.988290581724,26.21637683794266,29.872093023255815
193350900,46.8764,-91.96143,46.56494,-93.77747,47.09367,-90.33265,268.56036029545055,77.87500877236633,5433.35592488955,26.21637683794266,28.271481942714818
193350915,46.87959,-92.03935,46.646046,-93.81161,46.964855,-90.42578,260.10284221641746,75.64420549322945,8378.251985706334,25.574830468804073,28.055303717135086
193350930,46.910915,-92.153984,46.780457,-93.842735,46.934143,-90.35088,266.0377404708158,80.59021135808527,9270.293467067186,25.521283429626685,28.315410668924642
193350945,46.939087,-92.19071,46.806057,-93.80224,47.015984,-90.380775,260.9229886381925,75.09646946085499,9626.47834239484,25.81643429473251,27.896931549960662
193351845,46.021942,-85.808014,45.7366,-87.94416,46.262306,-83.30416,363.0896451234499,77.18615730659502,3052.9934256512615,24.82770260484532,26.324649298597194
193351915,46.6116,-86.40347,46.547997,-88.01653,46.712776,-84.540245,266.05178764848694,39.60363462440801,2245.6112538889056,22.519596957632373,25.35774647887324
193351930,46.093544,-85.4061,46.20467,-87.36881,45.918175,-83.88659,270.5367935527937,44.69010027175965,2590.349776049229,22.839820738518092,24.224018475750576
193352145,46.005463,-86.237816,45.84706,-87.61871,46.06672,-84.283104,258.98664356529173,85.14425569539672,5617.328432074107,19.453049752651456,22.3009768009768
193360100,41.90107,-72.29921,42.364746,-74.198746,41.176285,-69.54547,407.8360286282173,128.91619106134317,19115.640471108552,32.19671235413692,37.149141181399244
193360115,41.993404,-72.339584,42.447495,-73.90589,41.14251,-69.522026,391.2586044040004,129.33060004209224,18275.499290583684,31.73707241257093,37.24628820960699
193360130,42.056606,-72.24038,42.46474,-74.728546,41.675255,-69.146904,468.92219811392334,132.27109465289348,18864.325662475894,31.946593369269696,36.84012738853503
193360145,42.156223,-72.31573,42.503998,-74.79039,41.787197,-69.0233,482.0006747769424,126.29842278539195,18196.29244004561,30.642157860756644,35.95051635111876
193360200,42.293095,-72.3016,42.719456,-74.905334,41.61181,-69.476204,464.0066947949671,110.80068819630888,18261.657698809897,30.911128479981045,35.15815450643777
193360215,42.34161,-72.13181,42.758614,-74.967514,41.76451,-69.52542,461.1962341261659,110.78829724554573,18655.85976982042,30.13966005351802,34.28182579564489
193360230,42.44126,-72.20732,42.60684,-74.30246,42.294388,-69.377045,405.54475193808025,115.62827683955389,14622.783436634734,29.52669591608473,34.09138110072689
193360245,42.50357,-72.373085,42.5687,-74.5421,42.488834,-69.48519,414.4162396010745,114.6833836280672,15576.898777920946,28.90115766175019,32.69313200194837
193360300,42.59878,-72.564575,42.67056,-74.05334,42.57696,-70.747246,270.6844442517705,89.25751202688576,11086.900868510194,29.31832073258861,33.138335704125176
193360315,42.654884,-72.42945,42.62158,-74.97635,42.638123,-69.766365,426.17137090649607,87.12100547403656,13980.155880623093,28.415592520225353,31.83893557422969
193360330,42.699463,-72.3745,42.73038,-74.22132,42.610622,-69.89281,354.1009521451379,83.44756174169228,13096.52406306749,27.977108788695375,31.348294434470375
193360345,42.729454,-72.24894,42.71106,-74.26594,42.790524,-69.816986,363.3311427630177,81.3742898900094,12842.784144035322,27.583597411730203,31.065323565323567
193360400,42.76434,-72.69208,42.632896,-74.29334,43.089714,-70.65257,301.03616913695714,99.01536995910446,11734.289568285052,27.379321625544286,31.15527950310559
193360415,42.787445,-72.53123,42.62618,-74.25793,43.117958,-70.52554,309.0083832387022,86.94042127852863,9908.533372549853,27.21692454989892,30.558256172839506
193360430,42.862988,-71.81615,42.68573,-74.42599,43.095116,-69.30162,419.8782674207478,80.52920069553115,11827.722704512405,26.818112691495756,29.57336621454994
193360445,42.617886,-73.35337,42.588856,-74.79905,42.59893,-71.233955,291.8134672224932,58.78539166911538,3430.003690886979,26.640807489810108,29.263366336633663
193360500,42.636887,-73.30856,42.614193,-74.48862,42.674644,-70.93663,290.58046205341657,56.76585873619424,3044.583210410695,26.382767443142004,28.817021276595746
193370200,45.915195,-93.50749,45.41906,-95.1413,46.37324,-92.08298,259.34587475340686,50.55678430666251,5677.1536733858575,23.328343585391977,27.571140939597317
193370415,35.845787,-88.81535,37.2118,-89.741135,35.104263,-88.338844,266.01400239393246,10.807746954297878,1397.213307269669,15.0,20.561264822134387
193370730,42.571056,-71.89173,41.92664,-72.96562,43.50683,-70.63469,259.08838372704497,63.10813133484969,3582.035239710372,24.864298257218508,27.329268292682926
193371100,44.994358,-67.17365,44.39173,-68.68824,45.53897,-65.81392,259.6120819871101,65.35958745915696,8116.561397057314,31.467551528992452,35.87228003784295
193371115,45.045692,-67.26904,44.451046,-68.70084,45.630688,-65.72622,267.9851520832095,63.34686281973456,8812.581229120036,32.77266708572661,37.96591889559966
193371715,46.15542,-67.53896,45.7261,-69.238205,46.59824,-65.9636,270.1731738224449,63.18559391558697,5074.316834179303,30.956683663441773,34.479502196193266
193371730,46.20635,-67.63638,45.68181,-69.41898,46.675407,-66.047386,282.0916287651332,69.37804336775751,4958.047300804022,30.897794352454028,33.745
193371830,46.64547,-67.58546,45.891033,-69.60629,47.107674,-66.19577,293.98530049274785,67.18759209950436,4291.321558584697,29.299446540881192,33.05672609400324
193372230,40.189686,-83.936806,39.73044,-85.22966,40.57315,-82.35267,261.8414550254351,72.52680581011064,4449.778889496009,16.97659367037744,20.64493865030675
193372245,40.16976,-83.76227,39.692905,-85.1301,40.595154,-82.095856,276.7181567888773,72.52735903802652,5147.378194252349,16.065702746634038,20.136363636363637
193372300,40.243973,-83.46177,39.56415,-84.9408,40.984768,-81.936226,299.85012579297535,53.04764568350909,5198.3781965333665,15.922960973903113,19.239916550764953
193372315,40.421024,-82.88824,39.885605,-84.38635,40.926212,-81.69607,255.47862410636523,47.40640908870501,5219.085894277786,15.80305853624124,18.73042836041359
193411445,49.293865,-99.04967,49.90963,-100.29655,48.400826,-97.42693,267.73048418302915,50.157332755732504,5202.223530763756,16.73552186361405,19.8953488372093
193411500,49.244453,-98.68331,50.101826,-99.894005,48.267952,-97.34727,275.3629957086757,54.30109933366562,5599.433653355077,15.957380418202264,18.743379571248425
193411515,49.140873,-98.35733,50.08055,-99.56398,47.94762,-96.8716,307.8627325052769,75.4679496949846,6796.570336326605,15.362040815895456,18.137718396711204
193411530,49.14156,-98.23586,49.97377,-99.642395,48.239838,-96.828705,281.2542668160485,72.9320372170453,7122.350677273498,15.0,17.838421052631578
193411545,49.089775,-97.952034,49.947975,-99.60041,48.237324,-96.42979,299.089766467504,73.1729562953751,6809.893596280573,15.0,18.15734989648033
193411600,48.957947,-97.628105,50.05532,-99.48084,48.18354,-96.351006,308.49696935668027,81.25290032390318,5424.72200811816,15.0,17.39194139194139
193421645,48.27267,-106.4221,47.737938,-108.613625,48.637306,-104.74232,303.8748258459647,93.90915353642647,10641.604312961797,19.817735536982354,22.02991452991453
193421700,48.195896,-106.37084,47.71036,-108.28997,48.69642,-104.628426,292.63376231381625,88.89041501636,8368.597535998986,19.99864817608892,22.121333333333332
193421715,48.106224,-106.517845,47.552776,-107.90504,48.71874,-104.711716,270.08611815359046,83.43279232615178,8955.888021432136,18.874878284233375,21.76652719665272
193422215,47.392845,-101.206856,46.67672,-102.68381,48.04153,-99.45557,286.59766896947593,92.97672172445296,10107.952278932738,19.63315552891538,22.893521965748324
193422300,47.441128,-100.303375,46.745857,-102.962585,48.50258,-96.38507,530.0202949810063,117.09246478495344,18870.594855173847,19.378200361495978,21.78196853569988
193422315,47.3438,-101.04653,46.70783,-102.56941,48.013203,-99.57394,268.2515478933715,62.491582721881954,5539.257990496698,21.646809067177934,24.017352185089976
193422330,48.001442,-97.030014,47.888363,-98.93495,47.98856,-95.5599,251.64356248285304,59.21773456709285,5963.165066639643,20.657016002783738,22.903985507246375
193422330,47.458138,-100.73769,46.817333,-102.50013,48.069756,-99.33708,275.6060830872728,87.45633020909953,8574.498401453811,20.657016002783738,23.523809523809526
193422345,47.97498,-97.06994,47.88917,-98.85562,47.986225,-95.40102,257.55137772777954,59.21797701481964,5339.886771634366,21.643580125177017,23.707496653279787
193430000,47.24877,-100.5697,46.494946,-101.7755,47.965923,-99.13537,257.8370737893591,71.73894345477893,7339.486457382376,21.696702420261555,23.89896907216495
193430000,47.948505,-97.109825,47.91689,-98.73717,47.902622,-95.16573,266.174591368008,65.06375106454234,6848.607316660313,21.696702420261555,23.969598262757874
193430015,47.59828,-98.65184,46.6258,-101.86218,48.43784,-95.3855,526.1259032194682,111.60710056578185,16570.980397207968,21.27449708534624,23.835343228200372
193430030,47.544346,-98.729744,46.687714,-101.593796,48.41005,-95.30643,509.0696533507533,107.75826592237122,13631.99494918947,21.623183112744208,24.225945945945945
193430045,47.54536,-98.61141,46.771217,-101.48222,48.25196,-95.391914,485.9835714111664,93.62943060117632,13485.965347674042,21.485184020989173,23.74188958451907
193430100,47.57371,-98.37511,46.80351,-101.28918,48.143173,-95.23628,478.5514592848895,93.63660819863208,14950.829423401347,20.95310902638134,23.329481253210066
193430115,47.601044,-98.25704,46.99649,-101.066025,48.17165,-95.35481,447.7144171203093,68.3396386224641,12001.41914557609,20.50864909917283,23.434964584674823
193430130,47.575203,-98.098854,46.99954,-100.9488,48.09131,-95.31781,439.61924174819086,91.92060414170751,14435.504910438705,20.4760345976817,23.225210970464136
193430145,47.49514,-98.1375,46.71295,-100.66045,48.148033,-95.55486,415.7777881946966,117.1618427427936,14784.708578099011,20.395373251810042,22.960774058577407
193430200,47.46869,-98.097824,46.686275,-100.65912,48.196957,-95.27417,438.3114181535298,102.28955498421571,13506.672755737956,20.081643173379298,22.841348811498065
193430215,47.415417,-98.09731,46.558994,-100.38079,48.2254,-95.39283,418.5968475437422,105.97028430300956,14355.63174543856,20.297048625654938,22.63193322563274
193430230,47.62976,-97.46735,47.275227,-98.99941,48.12361,-95.71494,263.2526457401478,63.74683742822033,7800.7792992663235,21.26340299609594,23.24950396825397
193430245,47.496254,-97.82217,46.775703,-100.234764,48.04676,-95.955826,351.5760414556569,74.28295567846011,8730.594157393432,20.30543472981047,22.794190871369295
193430330,46.000317,-98.19955,45.532803,-99.45566,46.772144,-96.376785,274.26555943436085,47.923457234054574,3951.2545110667234,20.40423140088891,22.44434306569343
193430330,47.176903,-97.46758,46.31429,-99.0154,47.91551,-96.117874,282.4124029278041,86.58446963213761,9021.771680120542,20.40423140088891,21.84325230511316
193430345,47.016926,-97.5459,46.34451,-98.66778,47.861908,-96.079414,258.52578913641366,77.8139011952811,5791.234848838958,21.2280180883903,22.807506053268764
193430400,46.856884,-97.46775,46.130394,-98.70243,47.778954,-95.80411,286.3113690075609,63.05392613732774,5573.808922232112,21.766138788316308,23.60461956521739
193430415,46.856842,-97.38972,46.131073,-98.62529,47.833576,-95.92152,279.08721996810436,73.42411216694067,6899.193387240279,21.453768220223694,23.47049356223176
193430600,45.24557,-98.876236,44.42603,-99.911224,46.21581,-97.738434,261.6386226032592,63.31098451320935,7181.667606651263,21.410695262202438,23.986243386243387
193430615,45.24842,-98.5719,44.45623,-99.72434,46.322716,-97.27458,282.23277256611715,54.739485699512784,5775.191044645778,21.858230705163603,24.543645699614892
193430630,45.222523,-98.457375,44.45687,-99.68677,46.24196,-97.04303,286.46801011084847,54.74553597213748,5143.316131686971,22.028048311928515,24.96502057613169
193430700,45.2517,-98.03927,44.330585,-99.15725,46.08039,-96.7744,269.618929650887,58.97235955726539,6530.1248752118245,21.922121269006837,24.289988492520138
193430930,42.484653,-98.2362,41.284134,-99.58624,43.533924,-96.839226,336.7793038541188,48.71837260770721,3943.955928502628,23.087178456133714,26.411552346570396
193430945,42.728638,-97.79935,41.09955,-99.330284,43.88205,-96.649445,379.4844956728848,79.6796261635165,5381.509380054857,23.089750943184317,25.903497409326423
193431045,42.91627,-96.99219,41.786274,-97.867485,43.851048,-96.16564,268.2759260363727,76.43598450640835,3786.4255815755882,24.034267790905474,27.038669064748202
193431100,42.78205,-97.066505,41.055206,-98.506966,44.458942,-95.439,453.77707684190244,73.88255441289292,6435.284721805293,24.052314480035427,26.697340425531916
193431115,42.8885,-96.80884,41.001877,-98.43476,44.665455,-94.97987,495.18749576575686,68.86006386004318,6483.588473361989,24.53150451892686,27.080947136563875
193431130,42.807148,-96.69966,41.16579,-98.07898,44.34718,-95.179756,425.5763103580198,68.86758403129487,8310.721435071715,24.32205540156843,26.854222222222223
193431145,42.752327,-96.55376,41.301247,-97.90077,44.157993,-95.11155,390.85286224271744,53.26267048306718,7958.778771856052,24.31423731648244,27.263487475915223
193431200,42.189568,-96.961266,41.220284,-97.93613,43.25651,-95.88214,282.56958075502536,32.37818010241502,4717.590775646304,24.610782224481426,28.379256965944272
193431215,41.947536,-97.03559,40.896736,-97.969765,43.256035,-95.84523,315.52165518199314,39.03695645260063,5733.8346420081025,24.90240167867683,28.71401028277635
193431230,41.732082,-97.03705,40.41005,-98.2498,43.30614,-95.58536,390.3299351834877,45.71123325692411,7852.7695540314535,24.982400952844305,28.25049603174603
193431245,41.704338,-96.856834,40.329956,-98.10745,42.986202,-95.77832,353.06423940702916,47.35936136167195,8164.093272482828,24.972128849130645,28.11021233569262
193431300,41.568817,-96.714066,39.84454,-98.10328,43.116848,-95.51707,422.8097524215363,56.52387505594088,8233.86960010505,24.909836141445684,27.985335856196784
193431300,46.492126,-92.383644,45.70592,-93.673904,47.187927,-91.147736,254.17335722716658,46.20040639454607,5101.95617926579,24.909836141445684,26.709902370990235
193431315,41.379997,-96.680305,39.980644,-97.75248,42.794178,-95.52654,363.77842471606857,40.195768792732714,7009.58116682492,24.851355278327663,28.787746170678336
193431330,41.43255,-96.49999,40.007874,-97.470894,42.55534,-95.75273,317.55316357096524,50.936853206633586,7568.707343626832,24.934832805174292,28.86336032388664
193431345,41.431293,-96.356255,40.169647,-97.400246,42.577812,-95.45974,312.903061545479,45.73240338695605,7304.898181279588,24.47209299130139,28.325077399380806
193431345,44.742428,-93.730385,43.657845,-94.3493,45.82161,-93.090645,260.3196936322238,44.32560026422396,4087.403723348582,24.47209299130139,25.693140794223826
193431400,41.321724,-96.17866,40.250183,-97.18814,42.519573,-95.20584,301.68737580958816,58.1722839767765,6328.565643098864,24.4490439538275,28.075552825552826
193431400,44.81831,-93.57469,43.62723,-94.20218,46.02875,-92.88356,286.5592029424318,47.1344731073747,3824.491428626388,24.4490439538275,25.619621342512907
193431415,41.267044,-96.107994,40.33049,-97.010925,42.358807,-95.2477,269.30525701421215,63.204510159357696,5742.248303589988,24.261682685685116,27.47590361445783
193431445,41.047394,-95.79072,40.16445,-96.37686,42.21939,-94.997765,255.97489690842437,26.80155095265554,2616.703240382291,24.14018624508968,28.5475
193431500,40.964466,-95.649956,39.573887,-96.73618,41.971794,-94.75318,314.58604644072346,43.23052349619611,4157.905288338834,23.937872782980424,28.41509433962264
193431515,40.881947,-95.54517,39.735252,-96.66428,41.807827,-94.6513,286.06894544280675,40.77054265459006,4236.638603320905,23.128375931264024,27.547619047619047
193431530,40.79748,-95.33383,39.73263,-96.34864,41.697598,-94.54759,266.0331090864645,37.56004858986881,4077.790182380594,22.932804391451356,26.44761029411765
193431600,44.218018,-92.52312,43.09791,-93.5648,45.4375,-91.511734,307.2246502140967,74.78483613578281,9453.290961466188,21.90773482881933,23.914007782101166
193431615,44.02746,-92.46266,42.983364,-93.35071,45.414238,-91.59034,304.5394909336677,78.79653562416033,7968.295085426048,22.353794101400194,24.520554493307838
193431630,44.100395,-92.26989,43.007782,-93.275566,45.385796,-91.55474,297.87379537915274,81.51941935382905,7070.602713512746,22.461358612502366,24.870726495726494
193431645,44.0138,-92.12715,42.941185,-92.91193,45.440643,-91.01424,316.4187679134924,56.076694428879726,6771.570528818478,22.74430517726622,25.445688689809632
193431700,44.03745,-92.0504,42.994907,-92.90826,45.621838,-90.88086,333.6596301523881,72.11020965924737,7735.2422599948695,22.738246179586483,25.265670202507234
193431715,44.081314,-91.82213,42.96903,-92.247475,45.60648,-91.112564,306.86035027620017,86.12972935309138,8726.8989708263,22.23853097125862,25.0180412371134
193431730,44.072903,-91.63564,42.770367,-92.666664,45.215454,-90.80807,309.85828504273945,86.7935133105623,10540.073412613685,21.665927093788696,24.694752402069476
193431745,44.119556,-91.481606,42.637386,-92.05341,45.274677,-90.91641,307.0430389294263,85.50421917364724,12529.696174595334,21.44024570702669,24.245022479126526
193431800,44.06067,-91.37464,42.932785,-92.02952,45.133347,-90.778465,264.3323077030654,81.21467129574808,10178.239011255566,21.573681293090466,25.228939157566302
193431815,41.854897,-92.04324,40.808323,-92.8387,42.794933,-91.37949,251.83770195408243,33.4837360106305,3805.041742517108,21.354289729399998,26.521472392638035
193431815,44.18367,-91.13811,43.040173,-92.020775,45.17687,-90.583405,263.84248253326155,87.03223021997786,11554.983044842424,21.354289729399998,24.80576527110501
193431830,41.715637,-91.94587,40.58458,-92.64034,42.66249,-91.428154,252.05970422339797,47.360739066611345,5048.808631379807,20.347845807400375,26.301470588235293
193431900,45.0254,-89.80081,43.531292,-91.01466,46.882927,-88.20131,432.91031740573357,78.63739250045857,13722.644284914328,20.244368530693965,23.599043331457512
193431915,45.19631,-89.5134,43.65764,-90.85342,46.795177,-88.09676,410.2105484073877,83.92781916557107,13520.479129513178,19.79804016864396,23.43331457512662
193431930,45.313175,-89.231316,43.50983,-90.608086,46.813503,-87.97643,421.2717483004697,97.39671311594137,14580.905422165748,19.385272156689084,23.01260504201681
193431945,45.381027,-89.031204,43.637714,-90.48314,47.227398,-87.400024,465.9594832107511,106.50934851761942,16129.55846024295,18.854859601014617,22.373993368072004
193432000,45.4917,-88.67141,43.781677,-90.169365,47.16265,-87.25273,439.3095639863765,114.55737811555572,14675.707612744982,18.548274901885094,22.482312565997887
193432015,45.43325,-88.60276,43.86231,-89.71192,46.932945,-87.40826,385.8754830840012,106.72965947742476,14121.681832281622,18.677871546551955,22.326575342465752
193442230,35.74701,-85.38481,34.597427,-87.183655,36.80448,-83.67889,400.4278917091853,84.7512270118477,14536.70988744594,23.159900990127596,26.141909814323608
193442315,35.875015,-85.06187,34.886944,-85.98688,36.87102,-84.00715,283.68727878184853,87.37097144606575,10554.104943128934,24.279689758752717,27.349462365591396
193450015,35.134132,-86.01524,33.54283,-87.48819,37.264214,-84.105484,514.9120580824679,61.683565088475454,8040.035263326522,23.526175636463087,27.701716738197426
193450015,36.958267,-82.72737,35.780598,-84.004074,37.918762,-81.52431,324.3371722025129,49.90746452698483,5390.965148038347,23.526175636463087,26.19836956521739
193450030,36.250256,-84.52607,34.73834,-86.66967,37.769978,-82.66482,492.44217510912915,82.91058090700913,9287.37396196558,22.996440829007206,25.568094873756696
193450645,40.078625,-77.18115,39.16443,-77.97992,41.020996,-76.240814,253.96145678706202,35.098970774515195,3383.9414559376737,27.28617838375824,28.825865580448067
193451315,41.34656,-73.54823,40.445774,-74.77797,42.43051,-72.02194,318.53498164969983,34.93696511762417,4081.1274034439593,21.919520257894323,23.990265486725665
193451430,41.317005,-72.8526,40.570316,-73.71018,42.38576,-71.54634,270.6215676965042,38.94506835662484,4732.329073158096,21.968890781292238,24.046153846153846
193451515,42.409424,-70.62486,41.27946,-71.48774,43.37585,-69.91575,266.5194298260662,52.27082824528731,4793.349880279849,22.796606092727842,24.426686217008797
193460845,46.257893,-92.55732,46.63139,-94.27931,46.042866,-90.72132,280.8516044373576,75.73743098647292,3738.5668181667356,15.0,16.39123102866779
193461100,46.071064,-92.5718,45.611534,-95.440414,46.48381,-90.44072,397.78353515474225,124.13933221198562,11856.230367803728,16.148388316509397,18.02917442582247
193461115,46.014786,-92.49903,45.52941,-95.32837,46.373173,-90.375374,394.17144061542757,93.13005368484322,11616.283456066658,16.06713427343473,18.566870332654446
193461130,45.944565,-92.77412,45.209995,-95.45318,46.43055,-90.446655,410.9359519025022,96.10423064657283,9530.81028659309,16.500076763852707,19.346094946401227
193461200,44.13157,-91.74286,43.64587,-93.04923,44.64426,-90.18612,253.97688392694886,50.74427452289315,3459.9790821431966,19.684368544686848,23.07486136783734
193461230,44.280262,-91.46691,43.96115,-92.841286,44.717976,-89.60986,270.3936612241817,68.17399678870424,8475.183988390987,18.455965343890085,22.758960573476703
193461230,45.69546,-93.329414,45.042076,-95.04116,46.58361,-90.81912,369.32976937192535,91.87146027727623,7639.966441120045,18.455965343890085,21.296634615384615
193461245,45.71599,-93.13626,44.96025,-94.96847,46.600414,-90.62253,383.125635073159,80.09591255240501,7201.9433572611,18.115573911913398,21.92518440463646
193461300,45.691776,-93.21461,44.851578,-94.89703,46.619785,-91.01014,360.0161089839093,89.24777630678267,6611.426144959771,18.678624158636744,22.254474272930647
193461315,45.690525,-93.17634,44.794056,-94.710335,46.625378,-91.126465,344.7667725020193,76.20008198068216,6210.279399792309,19.24180234383647,22.455029585798815
193461330,45.53744,-93.41615,44.73712,-94.56171,46.6575,-91.24017,334.82516205029077,82.07764188846464,5742.702971186705,19.60990807723541,22.737623762376238
193461345,45.56057,-93.29988,44.81578,-94.48254,46.65568,-91.20137,326.6074415926803,82.2856843620376,5056.410705834552,20.36189651671695,23.32546494992847
193461545,45.779266,-87.08887,45.683903,-88.33704,45.876087,-85.09855,252.03251519918865,51.35214233533284,2205.316808986009,20.208325338801732,22.09
193462015,46.277283,-86.26737,46.41944,-87.724144,46.04408,-84.326744,264.613183055912,86.22360291048182,8922.597274074229,23.037026750170746,26.207000864304234
193462030,46.2907,-86.10914,46.440315,-87.64295,46.08165,-84.163155,270.45135893064844,77.30958622265416,7452.891345832084,23.774768101956024,26.310613943808534
193471830,45.6198,-92.68304,44.345776,-93.077034,46.86673,-92.39225,285.33097285232844,81.22695487084121,6452.808060466495,20.0381096940451,23.642335766423358
193471900,45.345337,-92.51272,43.821533,-92.70199,46.808964,-92.27979,333.82245276559627,83.5954110555944,7407.095489624583,20.22205905011787,23.729336966394186
193471915,45.498344,-92.309616,44.35914,-92.700356,46.588093,-92.10348,252.17840911981702,75.36965573150783,6499.649390602278,20.2720420444346,23.742162162162163
193482100,40.55554,-104.11217,40.704468,-105.660416,40.437744,-102.64559,256.3515016755963,61.145019688768166,5125.659780153955,18.8879724657561,24.160029498525073
193482115,40.51689,-103.82408,40.710007,-105.161316,40.37567,-102.180244,254.61426772935192,46.54131830114707,3774.499151422059,19.96723580188109,24.71851145038168
193482330,40.25291,-101.853676,40.396847,-103.52935,40.08002,-100.43203,265.24296204146316,63.60797982604608,4450.445395190866,18.78803406616268,23.40707236842105
193490530,39.78813,-96.523254,40.19311,-98.424,39.467495,-94.920006,309.875665300201,43.66674183625859,3111.118258932233,17.331937585386715,20.397703549060545
193490945,38.38735,-96.81758,38.65538,-98.43878,38.095745,-95.14034,294.17117538468904,88.83859042506198,7819.895310922316,23.12539352984419,26.37387791741472
193491100,38.268913,-95.787735,38.57811,-97.36794,38.051136,-94.38775,266.51657007060106,64.75852132640084,5534.602222985669,23.717923124647776,26.2
193491130,38.371277,-95.44112,38.73764,-96.74508,38.008305,-93.84139,265.78949717914855,53.15812543169419,5610.026089167369,23.520027040428786,26.632772020725387
193491145,38.541492,-95.988235,38.843647,-98.51053,38.316936,-93.37834,449.8818067727944,117.95158612659114,13652.479702307317,23.398870545523206,26.261514028586554
193491200,38.625275,-96.22823,38.84475,-98.37199,38.4988,-93.98896,382.41099840493206,114.3482492637737,12123.84384220902,24.246904683651746,26.36631016042781
193491215,38.787132,-96.225365,38.8461,-98.164154,38.625023,-93.706314,387.40086448393896,96.18224679500423,10417.918393425673,23.72411980125422,26.528691392582225
193491230,38.704628,-96.08853,38.954857,-97.99171,38.26894,-93.553055,393.08648664248074,107.07431384804212,11872.772768814586,23.822081031239456,26.78476821192053
193491245,38.899925,-96.8127,38.926624,-98.23426,38.76711,-94.979805,282.3832668157532,90.19397836929319,11467.780723477152,23.660931878237044,25.919184820801124
193491300,38.3865,-93.06426,38.70444,-94.60156,38.104202,-91.57065,272.39486976565314,33.53979946015021,2155.383528288259,23.526347604712583,25.94298245614035
193491300,38.43025,-95.74946,38.22741,-97.608986,38.635635,-94.0514,313.16912996578026,63.63711277599908,4208.375312674274,23.526347604712583,26.78436018957346
193491315,38.72426,-95.56935,38.573578,-98.541245,38.705116,-91.694176,594.7338094132575,165.2345238944577,21020.61655340555,22.669760620169917,25.818391211906448
193491330,38.864742,-95.94676,38.951843,-98.47736,38.759796,-92.937256,480.1222959368862,83.99470954181315,11599.627124457396,23.650829463929895,27.033290239172594
193491345,38.631527,-94.95001,38.470097,-97.299225,38.804073,-92.69179,401.86090689090514,78.5139522621943,7304.813767064376,22.811970065303022,25.78723404255319
193491345,39.00644,-96.60337,38.843647,-98.51053,39.14893,-95.17511,290.21966402635786,72.55467243090607,8504.403279791642,22.811970065303022,26.969896519285044
193491400,38.21649,-94.51806,38.27421,-96.20004,38.196568,-93.04155,275.9873634736773,35.998307524940884,2884.23233120928,23.221527658298445,26.970997679814385
193491400,38.63372,-95.05358,38.54994,-96.95403,38.84784,-92.44602,392.5706704908066,75.53455751769486,7667.292518876887,23.221527658298445,25.5426944971537
193491400,39.006172,-96.56865,38.89817,-98.44196,39.20551,-95.31256,272.36664130660307,72.55405169674353,6470.629299461209,23.221527658298445,27.291267942583733
193491415,38.2891,-94.20553,38.433594,-95.9905,38.204235,-92.5598,300.3631743848363,50.99775080092775,3535.8740953492675,23.697283481883147,26.9493041749503
193491415,38.61021,-95.227066,38.414326,-96.81733,38.88887,-93.51888,291.23522608247737,48.8347795067821,4774.268400552135,23.697283481883147,26.40085592011412
193491415,39.03315,-96.5683,38.86969,-98.61485,39.231174,-95.2421,293.9902856555034,78.51051418130518,5168.95889642532,23.697283481883147,27.628260869565217
193491430,38.719406,-95.292786,39.11587,-98.166664,38.166924,-92.32179,518.383521750227,112.44391693106836,13738.96211778069,23.74332798939236,26.709157127991677
193491445,38.5556,-95.19428,38.443264,-97.57487,38.65527,-93.80845,328.3615048546936,66.06571198361011,7944.880355309506,24.100389260959687,26.688780487804877
193491500,38.608166,-95.12352,38.63183,-97.2297,38.811462,-93.627144,313.15226864678436,90.19522145539,8827.413601433858,23.8250496258043,27.124567474048444
193491530,38.740875,-95.01533,38.550865,-97.78196,38.961308,-93.27174,393.7017273976962,84.84842408742595,11138.819615361328,23.641979758242943,27.704529855868223
193491545,38.81643,-94.77024,38.68466,-96.91845,38.985756,-93.200806,323.7190463579556,72.55602683425357,8703.311938627936,25.41218503483508,28.387817703768626
193491600,38.84419,-94.80383,38.65785,-96.95321,39.061474,-93.05712,340.2914897967221,75.94930636314884,6732.373435553392,25.16254150278018,29.072572038420493
193491615,38.949635,-94.69575,38.791595,-96.74451,39.15988,-92.807144,342.78979304032106,75.94771251587066,7730.394377187671,24.98641720888064,28.07258834765998
193491630,38.924877,-90.28574,38.95083,-91.743744,38.765892,-88.738846,260.9860648433489,41.9973504968815,4647.958582491335,24.64157358382696,27.789176090468498
193491630,38.978226,-94.76406,38.928505,-97.1939,39.0701,-91.97781,450.96455980883707,60.29480920410308,8361.909988719992,24.64157358382696,28.29616087751371
193491645,39.054123,-94.55262,39.090054,-97.088936,39.034958,-91.80656,456.04918731295,51.08381741803728,6469.138880666607,25.079700617064827,28.36054054054054
193491700,39.086086,-94.75993,38.84754,-97.817764,39.293983,-91.57626,540.9907480247783,72.55318082210373,8894.69059160706,24.773607145451294,27.7408
193491700,39.039894,-89.96051,39.254673,-91.335144,38.74241,-88.428955,257.5087632187581,36.122484847363005,3601.979957705979,24.773607145451294,28.400621118012424
193491715,39.166176,-94.722046,38.95579,-97.64478,39.383778,-91.218994,555.869581184504,78.90853588358182,9069.885131006853,24.887788817806353,28.092307692307692
193491730,39.296623,-93.600746,39.344597,-95.55252,39.23611,-90.98764,392.99274759547285,42.101045916494044,4664.157413012913,25.05603165059439,27.926008968609864
193491745,38.728813,-94.49677,38.65491,-96.504105,38.784046,-92.8664,315.899529559274,45.09789176440282,2881.5441600017457,24.41183722483551,26.595541401273884
193491800,38.05964,-90.75002,37.928997,-92.44154,37.989876,-89.24536,280.2816384946741,87.45676937791706,7877.2324211263685,23.947451671584872,27.7196394686907
193491800,38.774403,-94.18324,38.59157,-95.711006,38.91464,-92.75379,258.9284095126358,33.13444637241719,2547.95959353178,23.947451671584872,27.099740932642487
193491800,39.162838,-94.58294,38.76252,-96.46801,39.47579,-93.311066,283.6420168072802,28.457729099944988,1321.1212753887173,23.947451671584872,26.41796875
193491800,39.26934,-95.93794,39.063393,-97.19332,39.694843,-94.280426,260.00832455850866,81.59548648700587,6432.61883676754,23.947451671584872,27.030921820303384
193491815,38.111465,-90.7108,38.546875,-93.01984,37.830914,-88.92047,366.97482185725414,121.33486660272153,8971.141921616354,24.027112840884847,27.95188452285485
193491815,38.800385,-94.1474,38.564068,-95.67718,39.08577,-92.324745,296.13360641937413,34.20376945163988,2634.1446180065404,24.027112840884847,27.933673469387756
193491815,39.294144,-94.43806,38.946983,-96.04906,39.55415,-93.2364,251.41387588262182,31.317238206513476,1064.1232398870409,24.027112840884847,26.536585365853657
193491830,38.212837,-90.15026,38.035255,-92.39981,38.17859,-88.15496,371.7124409969185,84.47566448738498,11006.832714502722,23.669129145271715,27.11148878314072
193491830,38.85232,-94.07564,38.588825,-95.53846,39.2586,-91.96319,318.10528061311794,35.11174187451249,3072.456914613459,23.669129145271715,27.189979123173277
193491900,38.233192,-89.63124,38.50911,-92.74602,37.831158,-86.6535,537.8078656560469,72.24597596317717,12435.286039833454,24.196249464335956,27.849665246500305
193491915,38.334183,-89.93084,38.540188,-92.84758,37.996555,-87.59334,462.6020830972037,78.22674102969455,11448.077521435425,24.051031455034554,28.060257278266757
193491915,38.932205,-91.918976,38.481045,-93.43794,39.185593,-90.573494,260.1733520708854,60.74209997818865,3565.011498172857,24.051031455034554,26.276290630975144
193491915,38.914867,-94.384895,38.486637,-95.92045,39.263474,-92.69565,292.2008337722377,56.91748278460621,3842.365273465949,24.051031455034554,27.056506849315067
193491930,38.396774,-89.6479,38.798355,-92.55351,38.025024,-86.69334,517.6844955958086,114.3492081141005,15360.794480525856,23.79254444754387,27.569143446852426
193491930,38.861034,-92.13277,38.2891,-94.20553,39.311882,-90.42132,347.0586514665156,57.93652444756388,4181.290171410974,23.79254444754387,26.05985401459854
193491930,38.883213,-94.21288,38.479767,-95.47249,39.446316,-92.54336,275.0958785237917,60.36974281807268,4405.213331150725,23.79254444754387,26.284558823529412
193491945,38.490303,-89.4301,38.86877,-92.305725,38.07,-86.30694,529.6451391458413,102.39151436421317,16505.020292580743,23.91323296282585,27.775352112676057
193491945,39.087723,-91.24506,38.87772,-92.51332,39.32336,-89.335434,278.65125675044453,49.47231397932493,3746.5992789227826,23.91323296282585,26.55597014925373
193492000,38.539303,-89.35534,38.928047,-93.89849,38.060165,-85.928665,700.0558104498385,93.18927534526063,12847.528912253834,25.25063947531646,29.282748538011695
193492015,38.60786,-89.17424,38.979828,-93.82642,38.0956,-85.47364,732.8512389338305,93.18898090360432,14047.15029859509,25.06761162715632,29.471041445270988
193492030,38.715336,-89.16174,39.09595,-94.09874,38.16327,-85.081535,789.780987128108,108.16098093616895,19751.07511445538,24.622331490652712,28.82598235765838
193492045,38.783596,-88.98001,39.19655,-93.85009,38.327297,-85.08786,765.5421140213363,90.1942361409311,17932.604195996737,25.346943026222753,29.610805084745763
193492100,38.90529,-88.7914,39.493893,-93.06505,38.553978,-84.665436,732.8143802592359,129.2998668885442,22130.55401249519,25.237538159779447,29.731354091238234
193492115,38.946125,-88.612175,39.477566,-92.646164,38.286232,-83.98409,761.0748684057035,105.37708829737137,22971.422630604033,25.146576090993356,29.990841845720325
193492130,39.03772,-88.39136,39.52123,-92.39804,38.354393,-83.86689,748.8831415738464,93.42683733755408,22813.479216840944,25.01763549399915,30.046474358974358
193492145,39.099327,-88.138916,39.537445,-92.15164,38.58893,-83.542854,750.407612014593,117.14071812110876,25141.084332369213,24.571064445778987,29.4733268671193
193492200,39.15758,-87.85143,39.68777,-91.894485,38.5435,-83.16778,763.2358639611472,105.15855585650682,25976.311280016784,24.307595279051892,28.977328058429702
193492215,39.196987,-87.67105,39.549854,-91.8353,38.576782,-82.7767,789.1962285901121,105.03128460288944,24702.458459207108,24.361282884505187,28.67920634920635
193492230,39.27168,-87.590614,39.74984,-91.5029,38.489044,-82.30581,805.3306280166084,102.16357178929233,26215.71238016307,24.10717638285491,28.324013668841253
193492245,39.333973,-87.68714,39.543137,-91.69564,38.639442,-81.993515,842.9113580471958,108.0283787011276,28338.938969186675,24.4593828626965,28.540859309182814
193492300,39.423832,-87.46394,39.69585,-92.069435,38.828278,-81.56571,908.9058305645198,156.00049916995349,30604.551184517884,24.103383304963867,28.19904976244061
193492315,39.480392,-87.49108,39.738308,-91.82019,38.83917,-81.24671,914.8973427887838,155.99942806011578,34401.46381232887,24.063166397508787,28.229959801371482
193492330,39.552,-87.37536,39.87124,-91.774284,38.950523,-80.868645,941.8907586386405,185.98047639829844,37936.35126245625,23.845202533918425,27.781486941870263
193492345,39.638233,-87.11627,39.907784,-91.41899,39.049473,-80.9866,899.931876560738,146.9955637347626,30977.556694312134,24.271837787657176,28.155364372469634
193500000,39.690865,-86.79097,40.00269,-91.16378,39.102016,-80.585526,911.9038060011542,161.9830581824126,31446.600844626544,24.062480663193107,27.83115763546798
193500015,39.813576,-86.94904,40.01897,-91.479965,39.4642,-81.208725,879.8833518446457,159.200184605235,36244.71360225662,24.35286023245125,27.424787442773056
193500030,39.849583,-87.04973,39.914417,-92.12305,39.261135,-79.80251,1057.428634362015,216.45080382976585,45660.350569210445,24.420610392298663,27.062796416652027
193500045,39.93393,-86.18709,40.838337,-91.65898,38.6641,-79.493675,1066.774936591604,111.60799842398976,32043.658010973628,24.77297280438699,27.60128956623681
193500100,39.461094,-89.775475,39.236652,-91.51123,39.72376,-87.80925,322.28238334908104,33.53471414057605,3851.4016969686395,24.580734046990635,27.80811808118081
193500100,40.007587,-86.10425,40.642635,-90.99879,39.00282,-79.371895,1008.7608526465108,120.10426725427169,28382.6690132438,24.580734046990635,27.640031855588003
193500115,39.65056,-89.36798,39.438828,-91.77416,40.093525,-87.68726,356.7826649127465,97.69084896873045,6179.486980814784,24.468305787007154,26.79870828848224
193500115,39.7711,-84.584946,40.207706,-88.097305,38.568695,-79.5882,753.2938494737612,117.59182886029963,22469.4815393515,24.468305787007154,26.99151679674245
193500115,40.578114,-89.47364,40.456512,-91.58435,40.83246,-87.439415,352.1679882637079,107.62646035757817,9538.611930103649,24.468305787007154,26.423741007194245
193500130,39.377415,-83.98697,39.68308,-86.12141,39.083347,-82.248726,339.4224228766444,63.061591709596264,6508.693567165591,24.430660408057236,26.56850828729282
193500130,40.100376,-86.51537,39.959816,-91.379234,39.68473,-79.69534,997.5793319935739,159.64372672915687,27261.721977969504,24.430660408057236,26.606650446066503
193500145,40.544167,-89.3707,40.54258,-91.15036,40.489902,-87.56017,303.52456759638585,57.04045772270281,5883.049994989094,24.291065990282437,26.400482509047045
193500145,40.140182,-85.51365,40.33637,-89.501366,40.0121,-81.0092,722.1391853049538,111.3075983901505,17535.122142481327,24.291065990282437,26.65032679738562
193500200,39.4543,-84.184105,39.067398,-85.93982,39.88578,-82.53706,305.88260552998094,80.4833645933834,6489.424307302813,24.082641532058506,27.191337719298247
193500200,40.629475,-89.43206,40.66183,-90.85447,40.563618,-87.7995,258.0916634209993,54.04356624823689,4554.295588143504,24.082641532058506,26.263869132290186
193500200,40.18843,-85.18488,40.313763,-87.727486,39.922863,-80.95879,577.0562807111418,102.12768110024749,14214.663431400468,24.082641532058506,26.57271762208068
193500215,39.896896,-84.242165,40.150658,-87.39535,39.12428,-80.93377,564.8194516223929,159.21098986235975,25134.54619061263,24.33964266173175,26.565184964200476
193500230,39.911922,-84.13272,40.61659,-89.64745,39.19864,-81.27002,731.4345268011359,165.61427512609086,39591.69668976055,23.480569787788994,25.57377049180328
193500230,40.717083,-89.529015,40.60007,-91.21632,40.94555,-87.171646,342.7239396492898,61.1356439950271,6392.7339929904265,23.480569787788994,25.133701657458563
193500245,39.511505,-84.70309,39.756897,-86.92222,39.278347,-82.48921,383.9230720735639,77.98414421602948,12235.063536044592,23.617553035215444,27.58849840255591
193500245,40.159046,-83.90709,40.644875,-87.466545,39.49095,-80.811775,580.4881406637115,99.36397953209011,21962.03824802151,23.617553035215444,25.84074210139603
193500300,39.557556,-84.3767,39.92566,-86.684364,39.131744,-81.9914,412.0072969622657,99.38730778210596,13172.087181238856,23.326062491056394,26.89511911679256
193500300,40.354717,-84.44104,40.549698,-87.301765,40.034973,-80.394875,588.4405355650889,78.18639309040849,17096.92587170422,23.326062491056394,25.504781420765028
193500300,40.942856,-88.49966,40.95255,-89.82431,40.965267,-86.773476,256.1764758324114,42.384688216043926,4358.2793006530355,23.326062491056394,24.233898305084747
193500330,39.54541,-84.025475,39.387875,-87.04759,39.348476,-81.16462,505.6496398198054,124.28811149333879,11984.857155600634,23.50613243185029,26.313898704358067
193500330,40.418068,-85.03706,40.227592,-87.66847,40.537533,-82.50428,438.70544215924826,122.92398194244555,14564.902323849386,23.50613243185029,25.62241653418124
193500345,39.674458,-79.09049,39.843254,-80.97763,39.305355,-76.869385,357.1236488817452,48.08333541841234,5376.843083063833,22.939740813096,25.321100917431192
193500400,39.656773,-78.63019,39.900673,-80.606606,39.287323,-76.76744,335.9241233331765,41.99028191059415,5617.932095344716,22.955773360443217,25.579787234042552
193500400,40.00353,-84.719864,39.998615,-87.523476,39.98938,-81.443665,517.8266997574304,163.28645076237746,22834.655319290843,22.955773360443217,25.601439571476398
193500415,39.629543,-84.78773,39.68605,-87.35612,39.69448,-82.75542,393.619258863053,96.72111862361761,11055.291619778502,23.29043956161192,26.154785478547854
193500430,39.757904,-78.74616,40.146946,-81.19234,39.28336,-76.5898,405.16581268782465,69.04604693173711,7684.784910067463,22.541611306132236,25.40204678362573
193500445,39.76672,-78.45705,40.129883,-81.26799,39.334812,-76.108765,449.8829563387667,63.05357448213988,8720.03917811584,22.280214640387214,25.270778652668415
193500445,41.02501,-87.80666,40.748585,-89.59684,41.33508,-86.06514,303.26274874021584,44.55168465014553,4262.596232850311,22.280214640387214,24.318407960199004
193500500,37.266487,-99.47179,36.91103,-100.84572,37.63334,-97.8806,274.3731850034371,71.29060459140216,6830.219749691797,21.05712152632103,23.983370288248338
193500500,39.76921,-78.133545,40.07956,-81.10068,39.44385,-75.50054,483.78875807159176,48.079507004417366,8301.208093561925,22.513268951845404,25.412107623318384
193500515,37.32319,-99.30368,36.91297,-100.778305,37.876358,-97.19833,333.881654383716,70.21291414871622,8876.036684633586,21.355633784649665,24.195744680851064
193500515,40.65594,-84.456116,40.291775,-86.236,40.925705,-82.99808,282.25689608999426,25.613168498220276,2295.0257887316156,22.016701114822254,24.74929178470255
193500530,37.406616,-99.135925,36.966873,-100.78071,37.822796,-97.50592,304.5307849019039,69.24494419424582,8639.691533734658,21.883613572994467,24.46088129496403
193500530,39.69386,-78.01106,39.812958,-80.37776,38.979744,-75.39598,437.9248982090668,119.97839554645516,12217.70431509645,21.99395464281767,24.986177884615383
193500530,40.678818,-84.41591,40.442406,-86.10455,40.88723,-82.68116,292.9327225365723,22.82993009899608,1678.2172262540143,21.99395464281767,24.01798561151079
193500545,37.46103,-99.10316,36.974247,-100.51082,37.95749,-97.71123,270.1767173272505,74.07990434453977,8912.270479775052,21.458139281051434,24.39538043478261
193500545,39.872746,-77.925,40.054707,-79.780174,39.638374,-75.799385,342.9544856470522,66.25003285412414,6468.555859132608,22.51779521600925,25.887096774193548
193500600,37.544167,-98.93485,37.08118,-100.549034,37.984634,-97.574394,280.86070873406555,82.52604124388861,10122.774324203536,21.120865803160232,24.432454036770583
193500600,39.932266,-77.62027,40.282948,-79.28944,39.44944,-75.67851,321.78848262790143,42.09330010070142,4009.5656602116346,22.12722462850398,25.629111842105264
193500615,37.60009,-98.76569,37.11248,-100.38114,38.065357,-97.26608,294.194686957978,70.21654497467043,8949.740668320594,21.683124813095567,25.15810810810811
193500630,37.65577,-98.59628,37.141106,-100.31456,38.225677,-96.853455,327.555963189804,80.76634648234561,9782.645884557847,21.99263089685791,25.219462540716613
193500630,39.789124,-77.2657,40.437466,-80.3315,39.444424,-75.356514,438.20621855944717,105.00424115091177,12023.328526018975,22.026449911380233,25.262568140520898
193500645,37.737896,-98.46107,37.172066,-100.14643,38.30769,-97.09339,296.65574872505687,83.1821244229727,8366.074379276663,22.298473123452105,25.93449575871819
193500645,39.87077,-77.09786,40.795055,-79.770966,39.196426,-75.07651,437.54973890636984,95.30358127742473,12659.425496089028,21.734375124352475,24.341979725700657
193500700,37.79398,-98.15455,37.335365,-100.084465,38.140427,-96.30536,344.1332603774869,83.66770926586624,10841.942099188742,21.22405981457247,24.794956140350877
193500700,39.970062,-77.032585,40.360764,-78.72725,39.719837,-75.05191,320.86929441299276,98.95937481821166,9442.27584597677,21.40811020807867,23.896747967479676
193500715,37.84973,-97.403435,37.583115,-99.85488,38.062145,-94.83294,444.24757039015185,96.41023623098046,13383.060138162837,21.579353471547357,24.57049086757991
193500745,37.903687,-97.40336,37.757713,-99.109695,38.04762,-95.45031,322.6639407627357,102.69398259084768,14775.60895410439,20.686509744129786,23.70796943231441
193500800,37.98227,-96.75294,37.65476,-98.698494,38.364006,-93.99552,419.4646389293887,98.26231462909712,15922.542499266063,20.717491280084907,23.784695817490494
193500815,37.98227,-96.75294,37.51497,-99.10434,38.549583,-93.88292,471.48781749719325,98.94750774557693,16032.278619281406,20.45328390329753,23.64299563742123
193500830,38.035,-96.58113,37.765675,-98.359055,38.469765,-93.92141,395.98719587682143,98.26373958998528,12487.154021559798,20.827131702644976,24.049360146252287
193500845,38.14111,-96.373955,37.68025,-98.835266,38.627228,-93.77532,454.7266659501916,102.60947577984714,13662.801909192556,20.719777479231837,23.709236031927023
193500900,38.171906,-96.88825,37.522106,-98.45822,38.723686,-95.534775,288.5094868832289,77.82230968762997,7619.213856738592,21.038796977479684,23.81313131313131
193500915,38.03779,-97.060646,37.224834,-98.52209,38.837307,-95.91272,290.46008701283154,68.4052983621175,6030.080122468716,20.65446259239056,23.028688524590162
193501430,37.484467,-99.34167,36.76206,-100.36745,38.686092,-97.47143,332.605414797702,89.48667006911197,8653.81318099108,19.041579113068394,21.005555555555556
193501500,37.473186,-91.92842,36.59455,-94.4155,38.60542,-89.139854,515.6509590718825,136.92997221518405,31450.968927732192,28.678455803510225,34.039690721649485
193501530,37.869175,-91.21311,37.26826,-93.50523,38.511276,-88.59673,452.3053029923005,96.92359900513704,14262.091341282632,36.26381738406164,41.47878625134264
193501545,38.097305,-90.47148,37.84685,-91.83128,38.4075,-89.02457,253.28544880221105,78.74141410581045,8184.512137919151,39.3815328883833,44.40630975143404
193501600,37.307365,-98.31976,36.510395,-99.51874,38.038223,-97.19766,266.51784690101994,38.40863593094351,4439.90211884789,18.425760478173107,20.54022988505747
193501600,38.028763,-90.68422,37.40587,-92.851814,38.551037,-88.765076,380.1147940753404,75.23396316360439,9149.837894936187,41.101270278632626,45.32367549668874
193501615,37.362576,-98.11675,36.53964,-99.38527,38.144928,-96.88848,283.8479165002934,49.19193284299772,4762.881007368664,18.458357868336787,20.580594679186227
193501615,38.14488,-90.36364,37.420147,-92.544815,38.763924,-88.35669,395.7518732736628,77.8217187990613,11738.24777449781,40.032406004953614,44.81707317073171
193501630,37.927097,-96.5825,37.14835,-97.64122,38.697285,-95.570076,250.32316711597562,44.59430879077351,4418.72885469802,18.854123032477375,20.97638436482085
193501645,38.287006,-90.03925,37.78798,-91.73328,38.743813,-87.76812,362.08727406817616,75.23609122912984,11955.46022698999,39.79453328104637,44.97903989181879
193501700,38.235405,-90.07905,37.367725,-92.58236,39.086815,-87.65131,471.15261195622895,68.47306699393852,11687.788746760347,40.66782976522107,45.65198386012105
193501715,38.311707,-90.0022,37.336426,-92.48254,39.28387,-87.41362,492.3316492165058,76.6583656902247,11909.810346551469,39.86564213658193,45.384029158383036
193501730,38.336395,-89.96512,37.458996,-92.20183,39.331573,-87.336655,472.26920216918444,80.7740832769237,11840.804845705099,38.85074602891166,44.78849966953074
193501745,38.383503,-89.85658,37.3005,-92.28124,39.556908,-86.81128,538.3607701394902,89.04099896725043,12597.583318442774,37.139703785042755,42.89787632729544
193501800,38.38796,-89.925186,37.621338,-91.6441,39.29172,-87.8332,380.2281253256196,71.55828469717433,10555.80553918557,37.85855231339417,43.25459221160911
193501815,38.42595,-89.67928,37.639557,-91.47195,39.55174,-87.05857,438.46645805679,90.6934328290734,12315.579809026069,36.81503817849337,41.954030226700255
193501830,38.37219,-89.68512,37.535393,-91.548744,39.596127,-86.946304,461.0226096606087,88.22887070319206,13250.471087235552,34.847017046091054,40.41539365452409
193501845,38.221703,-96.33836,36.932674,-97.472115,39.44692,-95.235245,341.11332635951993,43.264830373036965,2880.7328847496724,20.7154015917672,22.891528925619834
193501845,38.175064,-89.98196,37.196365,-91.27089,39.4315,-87.88435,386.04036437455227,101.8187867416223,10397.955855995335,35.10999426254715,41.06925925925926
193501900,38.699986,-95.74288,37.52548,-97.13176,39.38507,-94.853165,286.5519434641983,42.425028074022066,4063.1187742395164,19.844260091350748,22.306122448979593
193501945,38.402756,-95.71569,36.984863,-96.864365,39.542835,-94.6723,342.79803695603505,69.96874390499559,6769.7716188571985,19.427096094377745,21.635405690200212
193510415,40.13797,-76.258865,39.30966,-79.399414,41.205933,-72.855965,593.7584455659128,170.4830452128101,37358.42168195352,27.621053699501346,32.06318560772269
193510430,40.120785,-76.010475,39.371716,-78.06496,41.20128,-72.96906,477.6191030163019,142.82328771792763,27564.349782643392,29.323450263470264,33.64739629302736
193510445,40.758415,-74.38013,40.6966,-75.97609,40.84848,-72.61602,283.43388686272203,66.35180137755826,6862.072288817864,29.219830187240674,33.44728260869565
193511015,41.337692,-77.944466,41.360172,-79.880165,41.35877,-76.42998,287.935979908394,95.2170243966944,8948.571960148874,26.23628401243473,31.18840579710145
193511415,43.32472,-79.05562,42.757286,-80.25798,44.052715,-77.36005,274.84916701033904,29.585743508439087,2748.729478409854,24.92760890285481,26.855437665782492
193512300,44.62585,-74.11794,43.6556,-75.80533,45.38965,-72.729996,310.8007074507825,47.161955346829316,6817.224320729902,18.76243730767127,22.01380042462845
193512315,44.631535,-73.99904,43.6241,-75.62487,45.370945,-72.77688,297.8796497058939,51.320135742399586,6674.670819200983,18.926814946276522,22.47431693989071
